{
  "optimal_choke_size": 63.43434343434343,
  "optimal_flow": 317.4877768520532,
  "flow_conditions": {
    "upstream_pressure": 1500,
    "downstream_pressure": 200,
    "glr": 600,
    "fluid_density": 45,
    "temperature": 180,
    "viscosity": 2.5
  },
  "optimization_date": "2025-07-05T23:53:05.816230",
  "choke_sizes": [
    8.0,
    8.565656565656566,
    9.131313131313131,
    9.696969696969697,
    10.262626262626263,
    10.828282828282829,
    11.393939393939394,
    11.959595959595958,
    12.525252525252526,
    13.09090909090909,
    13.656565656565657,
    14.222222222222221,
    14.787878787878787,
    15.353535353535353,
    15.919191919191919,
    16.484848484848484,
    17.050505050505052,
    17.616161616161616,
    18.18181818181818,
    18.747474747474747,
    19.313131313131315,
    19.87878787878788,
    20.444444444444443,
    21.01010101010101,
    21.575757575757574,
    22.14141414141414,
    22.707070707070706,
    23.272727272727273,
    23.838383838383837,
    24.404040404040405,
    24.96969696969697,
    25.535353535353536,
    26.1010101010101,
    26.666666666666664,
    27.232323232323232,
    27.797979797979796,
    28.363636363636363,
    28.929292929292927,
    29.494949494949495,
    30.06060606060606,
    30.626262626262626,
    31.19191919191919,
    31.757575757575758,
    32.32323232323232,
    32.888888888888886,
    33.45454545454545,
    34.02020202020202,
    34.58585858585859,
    35.15151515151515,
    35.717171717171716,
    36.28282828282828,
    36.848484848484844,
    37.41414141414141,
    37.97979797979798,
    38.54545454545455,
    39.111111111111114,
    39.676767676767675,
    40.24242424242424,
    40.80808080808081,
    41.37373737373737,
    41.93939393939394,
    42.505050505050505,
    43.07070707070707,
    43.63636363636363,
    44.2020202020202,
    44.76767676767677,
    45.33333333333333,
    45.898989898989896,
    46.464646464646464,
    47.03030303030303,
    47.59595959595959,
    48.16161616161616,
    48.72727272727273,
    49.292929292929294,
    49.858585858585855,
    50.42424242424242,
    50.98989898989899,
    51.55555555555556,
    52.12121212121212,
    52.686868686868685,
    53.25252525252525,
    53.81818181818181,
    54.38383838383838,
    54.94949494949495,
    55.515151515151516,
    56.080808080808076,
    56.64646464646464,
    57.21212121212121,
    57.77777777777778,
    58.34343434343434,
    58.90909090909091,
    59.474747474747474,
    60.04040404040404,
    60.6060606060606,
    61.17171717171717,
    61.73737373737374,
    62.3030303030303,
    62.868686868686865,
    63.43434343434343,
    64.0
  ],
  "predicted_flow": [
    37.4949468512035,
    19.946477275830453,
    19.33319251881955,
    19.33319251881955,
    19.33319251881955,
    26.835677812299778,
    27.403084593181703,
    31.311744261126876,
    30.826218980385825,
    30.826218980385825,
    30.826218980385825,
    30.826218980385825,
    30.826218980385825,
    37.910923748518776,
    37.910923748518776,
    44.750626714825124,
    44.750626714825124,
    44.750626714825124,
    49.13924143982907,
    49.13924143982907,
    49.13924143982907,
    49.13924143982907,
    49.13924143982907,
    49.13924143982907,
    49.13924143982907,
    51.28047743788563,
    51.28047743788563,
    56.040587834184116,
    71.02894057310715,
    76.39167284413028,
    76.39167284413028,
    76.39167284413028,
    76.39167284413028,
    76.39167284413028,
    76.39167284413028,
    121.67539545694135,
    122.56604085508624,
    122.74369786398319,
    122.74369786398319,
    120.72085222876358,
    120.72085222876358,
    120.72085222876358,
    122.82794679741376,
    123.6709563539378,
    123.6709563539378,
    123.6709563539378,
    124.15296566126547,
    124.15296566126547,
    124.15296566126547,
    124.15296566126547,
    158.80426620931823,
    158.80426620931823,
    158.80426620931823,
    174.21533218193937,
    176.20159690976513,
    174.21134227862925,
    174.21134227862925,
    174.21134227862925,
    174.21134227862925,
    180.73610548213438,
    180.73610548213438,
    205.20651850386693,
    205.20651850386693,
    223.0950818539213,
    223.0950818539213,
    223.0950818539213,
    223.0950818539213,
    223.0950818539213,
    223.0950818539213,
    243.72317833137964,
    243.72317833137964,
    246.09633535611087,
    237.2334915466074,
    247.08405009717666,
    247.08405009717666,
    246.20762956124702,
    246.20762956124702,
    246.94073037382336,
    266.3218652046385,
    265.674691876677,
    265.674691876677,
    267.54002281533997,
    271.61339012206264,
    260.5993849223026,
    260.5993849223026,
    260.5993849223026,
    262.36746653037966,
    260.87306492167676,
    260.0128765353289,
    258.8528069200124,
    260.4896814127663,
    261.6117953078972,
    269.18017627559357,
    271.1830351676337,
    271.1830351676337,
    272.5252026794123,
    275.0247750837477,
    274.6734668244723,
    317.4877768520532,
    286.18394204918565
  ]
}