{
  "optimal_gas_rate": 1.7272727272727273,
  "optimal_production": 484.0246899810364,
  "well_conditions": {
    "wellhead_pressure": 300,
    "reservoir_pressure": 2500,
    "water_cut": 30,
    "gor": 800,
    "tubing_diameter": 3.5,
    "well_depth": 10000
  },
  "optimization_date": "2025-07-05T23:53:05.810154",
  "gas_rates": [
    0.5,
    0.5454545454545454,
    0.5909090909090909,
    0.6363636363636364,
    0.6818181818181819,
    0.7272727272727273,
    0.7727272727272727,
    0.8181818181818181,
    0.8636363636363636,
    0.9090909090909092,
    0.9545454545454546,
    1.0,
    1.0454545454545454,
    1.0909090909090908,
    1.1363636363636362,
    1.1818181818181819,
    1.2272727272727273,
    1.2727272727272727,
    1.3181818181818183,
    1.3636363636363638,
    1.4090909090909092,
    1.4545454545454546,
    1.5,
    1.5454545454545454,
    1.5909090909090908,
    1.6363636363636365,
    1.6818181818181819,
    1.7272727272727273,
    1.7727272727272727,
    1.8181818181818181,
    1.8636363636363638,
    1.9090909090909092,
    1.9545454545454546,
    2.0,
    2.0454545454545454,
    2.090909090909091,
    2.1363636363636367,
    2.1818181818181817,
    2.2272727272727275,
    2.2727272727272725,
    2.3181818181818183,
    2.3636363636363638,
    2.409090909090909,
    2.4545454545454546,
    2.5,
    2.5454545454545454,
    2.590909090909091,
    2.6363636363636362,
    2.6818181818181817,
    2.7272727272727275,
    2.772727272727273,
    2.8181818181818183,
    2.8636363636363638,
    2.909090909090909,
    2.9545454545454546,
    3.0,
    3.0454545454545454,
    3.090909090909091,
    3.1363636363636362,
    3.181818181818182,
    3.2272727272727275,
    3.272727272727273,
    3.3181818181818183,
    3.3636363636363638,
    3.409090909090909,
    3.4545454545454546,
    3.5,
    3.5454545454545454,
    3.590909090909091,
    3.6363636363636362,
    3.681818181818182,
    3.7272727272727275,
    3.772727272727273,
    3.8181818181818183,
    3.8636363636363638,
    3.909090909090909,
    3.9545454545454546,
    4.0,
    4.045454545454545,
    4.090909090909091,
    4.136363636363637,
    4.181818181818182,
    4.2272727272727275,
    4.272727272727273,
    4.318181818181818,
    4.363636363636363,
    4.409090909090909,
    4.454545454545455,
    4.5,
    4.545454545454546,
    4.590909090909091,
    4.636363636363637,
    4.681818181818182,
    4.7272727272727275,
    4.7727272727272725,
    4.818181818181818,
    4.863636363636363,
    4.909090909090909,
    4.954545454545455,
    5.0
  ],
  "predicted_production": [
    464.19658861788747,
    465.8468417331715,
    467.7734725315222,
    467.505424955049,
    468.1816799893874,
    471.32601162744874,
    471.292801496329,
    471.26522406024526,
    472.1532537034239,
    472.68527082994507,
    472.84041209772863,
    473.02243353788776,
    473.4384218444489,
    474.81738166377477,
    475.095987576476,
    475.3119861067951,
    479.33075887833263,
    481.30279068489523,
    482.7973822388355,
    483.02398326096704,
    483.29066469061536,
    483.83261001428144,
    482.7585447353028,
    483.2790532323899,
    483.1665778158715,
    483.3312150571861,
    482.9112411970956,
    484.0246899810364,
    483.713053280009,
    483.36692368695134,
    482.8858649646588,
    483.19658403408465,
    482.1041498031758,
    481.4737151157171,
    479.99828997197017,
    478.61952894268694,
    477.92521080707985,
    477.7910455472123,
    478.04321758325887,
    477.9816610338861,
    474.7190102556017,
    473.914137702825,
    472.5907183175878,
    473.4178609695262,
    471.687875404196,
    470.4980750280405,
    470.02185370841164,
    467.7290807609919,
    461.899663086187,
    462.75293550236717,
    461.5185944492438,
    454.22484479665457,
    441.0458137982416,
    429.32769329558243,
    401.5148362011758,
    398.796380206955,
    383.3725379362591,
    373.36684760457626,
    375.74327950491585,
    378.60092332669956,
    379.71539682322555,
    379.47779654823194,
    377.42452746763,
    338.16304187582494,
    321.4727750841605,
    322.53752501189797,
    315.64290493690737,
    311.66430767630226,
    299.64472425153224,
    294.1988086988056,
    284.9306409883022,
    282.229446980435,
    276.6499950434952,
    269.2613631741566,
    269.4146685647206,
    265.8078819433493,
    263.6111456035202,
    251.6473131046376,
    249.29314320857688,
    241.9214692649726,
    208.13906416917087,
    186.9017168722651,
    168.43383698511082,
    142.56617020010367,
    138.83346296698318,
    123.77112542217185,
    120.46158325338305,
    117.26374331837833,
    100.45094005479855,
    98.05926957592655,
    95.30035756354353,
    92.10033615665782,
    89.12060716425172,
    52.99226924249439,
    45.19660243681285,
    42.39545096725258,
    42.02968364590053,
    41.83020969814592,
    39.22950261126055,
    38.62342501452002
  ]
}